Project,Total run,Failure,Error,Skipped,Failed,Commit
jackson-dataformat-xml,141,0,0,0,,0068fedd1e88b6c62167ff5322e93de6622ad73c
jackson-dataformat-xml,178,0,0,0,,0115c45dbe394488f2ce81123a021e09bedaef2b
jackson-dataformat-xml,140,0,0,0,,02168a39288d7974a1014146ecc21384b92f429d
jackson-dataformat-xml,132,0,0,0,,025d185e25fcfd6f642b2a226510131a0aaac866
jackson-dataformat-xml,143,0,0,0,,02b557540d11ef9d791effda95e8f7093fc2e5fb
jackson-dataformat-xml,132,0,0,0,,030fe0ec3985b3ca320ebca56f8032473b456209
jackson-dataformat-xml,214,0,0,0,,031aa5e10325929e16e24e2192a76442196fe74c
jackson-dataformat-xml,211,0,0,0,,04014bf4c34931241f4ddcdc14cd439060a55a6b
jackson-dataformat-xml,143,0,0,0,,0410709ea72f867ba88dcdd6f34d3dc088bbd21a
jackson-dataformat-xml,157,0,0,0,,049392bd940018030eee6e3012c6e21b862fe7d2
jackson-dataformat-xml,142,0,0,0,,0521d21d66147a85f17682dcc1fee6a4720c8351
jackson-dataformat-xml,201,0,0,0,,05faf562de4891ad680ec8c455928f9f29bd7c83
jackson-dataformat-xml,205,0,0,0,,065b3ca3d7115f382433bfa0344055b1194baf87
jackson-dataformat-xml,150,0,0,0,,06b2537c85cadc5c94313a259860a506d6fc62ce
jackson-dataformat-xml,156,0,0,0,,06c4283e36375908d29af960e3cc834309df544b
jackson-dataformat-xml,132,0,0,0,,0832c948cd0905d9bf9d9513536b8190792ddb2d
jackson-dataformat-xml,201,0,0,0,,083eaba5e6128832668234da7f249bb18381cadd
jackson-dataformat-xml,140,0,0,0,,09db8e1ce1d2ecf0ad4ad4b0d8335999f42577be
jackson-dataformat-xml,197,0,0,0,,0bd3c3a7bee55e25b593cfe923c1d53b731a4f4c
jackson-dataformat-xml,132,0,0,0,,0cf1363eb09ead163dbfb945f5eddd302e19dc85
jackson-dataformat-xml,201,0,0,0,,0d09d170906e222a297cf8015b46726d8e3c49b0
jackson-dataformat-xml,142,0,0,0,,0d30430d78918a3e01bec62a5192a584cc56ce88
jackson-dataformat-xml,201,0,0,0,,0d451e635d8e7d62c94f10ddc7983e7ce25793e8
jackson-dataformat-xml,142,0,0,0,,0dab9d624e7d2fe795c478cd8374aec9477ce3da
jackson-dataformat-xml,205,0,0,0,,0db348b080c64a8ee0aeb8f45e1ace1c8372d0c7
jackson-dataformat-xml,141,0,0,0,,0f2e4b3fc24fe2f16538c15f1dbfb2858f19cb78
jackson-dataformat-xml,134,0,0,0,,101fa47242d8546196b64ffc91136b36de21db1d
jackson-dataformat-xml,139,0,0,0,,10dd3f59f1bcc1a127aa59a38f8b3e47a1a49d57
jackson-dataformat-xml,201,0,0,0,,117a2384d5e5ade177c497c9fc05653e06d6fbeb
jackson-dataformat-xml,178,0,0,0,,121ba9d6d07e0d642c3101d36ec66cb63976acf0
jackson-dataformat-xml,213,0,0,0,,13577ec7e4aae18e354e03d4ab9866fcd11b4338
jackson-dataformat-xml,134,0,0,0,,1467d1310255c09cdf8fbf4b7b0769e5fd333808
jackson-dataformat-xml,143,0,0,0,,14cbba2d9eb704239e93b4c7d78bd0f19e648ab9
jackson-dataformat-xml,132,0,0,0,,14e23f20294be401af5b4c549bf73126888c944f
jackson-dataformat-xml,132,0,0,0,,150283a55495eb77009d59e8f5d69e0f5e1cefbc
jackson-dataformat-xml,143,0,0,0,,17a7ef86d19760161e98593e29a957494e54b25a
jackson-dataformat-xml,143,0,0,0,,17d71de2bc94820c024c85f6b085d3a77983fc82
jackson-dataformat-xml,178,0,0,0,,17f39695b24bbf0e8fa1fb86cbb5347d7ddadefc
jackson-dataformat-xml,143,0,0,0,,1819c1449ef256ae37417ff770225a2de626d0b9
jackson-dataformat-xml,139,0,0,0,,18bf45f9240dbf359880849192823d3c9bd15989
jackson-dataformat-xml,139,0,0,0,,19353dd0493c77a6edc1684161a462ae90e9ea07
jackson-dataformat-xml,137,0,0,0,,19ece314d1746ef53bbddb3e5af5a4c7790093bf
jackson-dataformat-xml,178,0,0,0,,1b379ef8b40d60c8b25924304cdbf93ed5b67608
jackson-dataformat-xml,132,0,0,0,,1b8403d401ea4e87b413e8733b05c52dae350158
jackson-dataformat-xml,132,0,0,0,,1beab73e25b74f90bb591c8cd8fabd268ed424b3
jackson-dataformat-xml,131,0,0,0,,1c953832f907debe3711c24804ea3ef9259c0d59
jackson-dataformat-xml,142,0,0,0,,1cb421f9733c1afb80cd3e4653142784fccc3263
jackson-dataformat-xml,139,0,0,0,,1d396ff59dd5885ebf558e67ee3b6d289552fc57
jackson-dataformat-xml,197,0,0,0,,1d8fb775b6ae18b4f8b56227bf5102e37b341100
jackson-dataformat-xml,213,0,0,0,,1ec1158cf3cde5103dd5c46bcf12f09f4cd69d62
jackson-dataformat-xml,208,0,0,0,,1ecd22a73e46246d893a4d5776461c4c2e768955
jackson-dataformat-xml,133,0,0,0,,1f1abf0bf5e3876f83dfc88ca20e0d13d4f67a1e
jackson-dataformat-xml,133,0,0,0,,1f4e2a9fb4c8c0c58e4c8da184d3fcb76a7903e9
jackson-dataformat-xml,263,0,0,0,,2054974b6e1f09362ec57d07bef0186bfde94b23
jackson-dataformat-xml,201,0,0,0,,21869b4e4d24a3c5e5ecb4bafdcbf031e5ab4f6d
jackson-dataformat-xml,196,0,0,0,,21ed3ad7f3ec0d2c8ae6a7e96dd043dc96839ff1
jackson-dataformat-xml,263,0,0,0,,2226bf46c04920ceea15734a8f65e722e25cd3c1
jackson-dataformat-xml,203,0,0,0,,225d67048b2b5a8d26224d8bfc8b9b41eec1886e
jackson-dataformat-xml,157,0,0,0,,22bdce1eb0e991a18e46582acc1f3f70e4152d39
jackson-dataformat-xml,183,0,0,0,,232c47529749eb26cfea61de86cccad90677fef4
jackson-dataformat-xml,139,0,0,0,,23ab583c46a6a20b0c1232ebb91b16d4058c7502
jackson-dataformat-xml,263,0,0,0,,23ee56f4d13f7857f2ab8bd1835053c36ba34402
jackson-dataformat-xml,203,0,0,0,,242c869ba462c4187e1519f99029f41186aed99c
jackson-dataformat-xml,137,0,0,0,,24a10cedfe7a7db58121619626fc51b31cbe400a
jackson-dataformat-xml,159,0,0,0,,25485b84a63dd46194a4cf84bf1e283f12dfba18
jackson-dataformat-xml,196,0,0,0,,26087df80a8c11acc295f3c13915dcc83e151817
jackson-dataformat-xml,154,0,0,0,,26489160dd9d5aba67ed324571c27d325049ad14
jackson-dataformat-xml,185,0,0,0,,266c50ef09664b8e680dde4741cddc69142acd30
jackson-dataformat-xml,132,0,0,0,,272d6958bf7df7beb125c4ccbd5be5f99f7c1976
jackson-dataformat-xml,183,0,0,0,,27349ac96672113d275058c32db0fbd852579dcf
jackson-dataformat-xml,197,0,0,0,,2778e1f00bee78976efdc4e522d226e1e0196287
jackson-dataformat-xml,128,0,0,0,,28192ab78ee1f48fe185357d385e91a9e4fff786
jackson-dataformat-xml,137,0,0,0,,28cf99992edb37767d652a1c4d6b2aa0a15a5cd0
jackson-dataformat-xml,201,0,0,0,,28ee8a538f660c16a45a2d60143d9e3cdc1741e3
jackson-dataformat-xml,141,0,0,0,,296169ccf557870bf9f1bbdbd91d00c2de11e399
jackson-dataformat-xml,185,0,0,0,,2a65f5f48107291f9f071aa3c89a5b73874a013d
jackson-dataformat-xml,149,0,0,0,,2ab0ce5178ffbb836ea57a4a558b0ab1a4754ea7
jackson-dataformat-xml,196,0,0,0,,2bc25e43f855f6529ef940b573aa136085709c8c
jackson-dataformat-xml,143,0,0,0,,2c5f6f4e0f7bbcfa566fbc91ee57baf8dd7a371a
jackson-dataformat-xml,197,0,0,0,,2d911fe6fa62d486586ce85acde9bb9794496b67
jackson-dataformat-xml,132,1,9,0,"['TestIndentation.testSimpleMap', 'TextValueTest.testSerializeAsText', 'ListDeserializationTest.testWrappedList', 'ListDeserializationTest.testWrappedListWithGetters', 'RootListHandlingTest.testArraySerialization', 'RootListHandlingTest.testListSerialization', 'TestIndentation.testSimpleStringBean', 'TestIndentation.testEmptyElem', 'TestIndentation.testWithAttr', 'TestIndentation.testSimpleIntBean']",2de36254c53999e77cf9ff7221cea8206f7e0a46
jackson-dataformat-xml,128,0,0,0,,2e58290ee0f8fdde877392878221e5393708393c
jackson-dataformat-xml,143,0,0,0,,3056dfcf5a43f27e43271e1728973e45add6f479
jackson-dataformat-xml,137,0,0,0,,32f9b60809c457b4751dfe045cf19c8387f5a043
jackson-dataformat-xml,155,0,0,0,,3323d08b26cbc5869deaf617b56a54da4581809e
jackson-dataformat-xml,201,0,0,0,,332b8661f0359f75e6f99444517422ac226b9ce9
jackson-dataformat-xml,131,0,0,0,,34f07390462b3d1abf7cce70f905a3272e5d3a1b
jackson-dataformat-xml,197,0,0,0,,3578d8541e9f052446961572fb4bb4b951e09977
jackson-dataformat-xml,207,0,0,0,,35f7fcfb765036ddfa66e23574f3f82654980a2d
jackson-dataformat-xml,157,0,0,0,,3624896c53ff6dc656d5589806a1c6c929059144
jackson-dataformat-xml,190,0,0,0,,3633a7db7303ecb87228960ab399280e05264549
jackson-dataformat-xml,143,0,0,0,,364143284e53e0a027478acd26ea766c8df60f92
jackson-dataformat-xml,139,0,0,0,,3673c0645333dccf06933cbda4810197872cb7a6
jackson-dataformat-xml,142,0,0,0,,37296145fd21d10eb0661650095b2cffb7bb6cb6
jackson-dataformat-xml,139,0,0,0,,372eddd33624ac32ff2c07ba4a136bd165435e1a
jackson-dataformat-xml,196,0,0,0,,3734729d7c0bbcf71b4dadacf8ba7115c2e69f55
jackson-dataformat-xml,142,0,0,0,,37368bce4e388414916e9e16f5262204fceac41d
jackson-dataformat-xml,141,0,0,0,,37eb331acce08142ad027f127c355f9b462fe9e0
jackson-dataformat-xml,142,0,0,0,,38394f0c65811f9edf9c0fff593f621408e3cd64
jackson-dataformat-xml,149,0,0,0,,38e7afea5efe2ca6ec71c470ad1cd2b9707c5f43
jackson-dataformat-xml,139,0,0,0,,3932476e5d5c38d3e6fbf8ad56310d0e3e370423
jackson-dataformat-xml,142,0,0,0,,39c8c7b5218cc6d510ab51b6974ddd34f6bab8b7
jackson-dataformat-xml,132,0,0,0,,3b75f464095e68a77318e350e62612e34c6aaef9
jackson-dataformat-xml,141,0,0,0,,3bb5950744128985ff771091f4238d279416720d
jackson-dataformat-xml,201,0,0,0,,3c6540a59c3471a26fc2a4c35d8da96bcd8959f5
jackson-dataformat-xml,150,0,0,0,,3cc587d2743109dc8268bebaa3a1da2d73b2397f
jackson-dataformat-xml,132,0,0,0,,3e50b0c791c7018179a5f4b7a7f9d3b1d2fae6cb
jackson-dataformat-xml,201,0,0,0,,3eadc655892480b715f1255b9669f1b8f1494a10
jackson-dataformat-xml,136,0,0,0,,3edad6c637cbc9fe364f4c93cb17d82d96b293d1
jackson-dataformat-xml,178,0,0,0,,3f4c8620ab3c2cc45c0c426bd9f17940d59f81c3
jackson-dataformat-xml,143,0,0,0,,3fb6af6fcb2d4c8aad6c5c524b0f458b2f6f3c72
jackson-dataformat-xml,166,0,0,0,,40e4ea80f77865bd8a548670fe24aafff94291f6
jackson-dataformat-xml,158,0,0,0,,41001739d6efb1929c79960480114a859b32fc92
jackson-dataformat-xml,158,0,0,0,,41317a30cf3667834978dd9b6a888ab7aee0b242
jackson-dataformat-xml,205,0,0,0,,426a52ce9e2990a1ae6078a50844de2213adf1c9
jackson-dataformat-xml,210,0,0,0,,426b2d93d5849a5005adb18b1c2ac8b5ad780b9b
jackson-dataformat-xml,143,0,0,0,,4289b809ddef4a8a92ceff5aaef5639ef5fd0e35
jackson-dataformat-xml,137,0,0,0,,4316c7653c9d81cd9f4fcbf6b04c9d5e474a030d
jackson-dataformat-xml,141,0,0,0,,4330471f9bd084092d1f5124839a17c74a4c14fd
jackson-dataformat-xml,200,0,0,0,,43d8393f8afb41f12b2a89d169e469763346993a
jackson-dataformat-xml,209,0,0,0,,43ddaac1661bd061f016b8db422c9355e5f2a2b7
jackson-dataformat-xml,139,0,0,0,,43ec2dd9edc7d2a3b4a00280248e6763257da2e6
jackson-dataformat-xml,139,0,0,0,,45c24611bbf24bf895da89d01b0115e44f7529d8
jackson-dataformat-xml,133,0,0,0,,45f912be6829e2748d7048524bf897b9a2222dac
jackson-dataformat-xml,133,0,0,0,,471b123b91833885f858e70e7aa541db11c24fbe
jackson-dataformat-xml,139,0,0,0,,472f756d9160dc94dc31a14022036afa2db28146
jackson-dataformat-xml,140,0,0,0,,476030bd2dbcee05d4dc7620f5aab14137f6b380
jackson-dataformat-xml,142,0,0,0,,477b14790d62a971d0892143fdbeecd28915896f
jackson-dataformat-xml,140,0,0,0,,48759e9822db9d7cbdf69faf519836e4c92ab5b1
jackson-dataformat-xml,201,0,0,0,,49357b7e0f38a5ebb58a9a1971d0fce687f32409
jackson-dataformat-xml,192,0,0,0,,4938036087bed3ebdfaf6c98db14d269179c30a8
jackson-dataformat-xml,131,0,0,0,,496cb5e721177c829878a8ee690497b2a75a4525
jackson-dataformat-xml,132,0,0,0,,49f9151f9411a8fac1be6c4256db9799a3b2324e
jackson-dataformat-xml,143,0,0,0,,4a3a3e83d1165fce73182ba7e128dd13073a8006
jackson-dataformat-xml,156,0,0,0,,4bce41423eb3b2b78264fad2e62e008420c66dc3
jackson-dataformat-xml,142,0,0,0,,4c6a8b996ac608251fa63286d6c322251910ca63
jackson-dataformat-xml,201,0,0,0,,4cdf2e983cc655302ddf8df94aacd4e5de4d3c24
jackson-dataformat-xml,201,0,0,0,,4d4e09b226206f8f0da4ad1c63255ae8622a00c5
jackson-dataformat-xml,137,0,0,0,,4e793c54ca9de593643b2b6e505a1dd094bce994
jackson-dataformat-xml,134,1,0,0,,4f19b571873a68a6115eb66451ad69e5888bf879
jackson-dataformat-xml,158,0,0,0,,4f2d81b779bb2b3e1af9fd2d6976bedf36dcfabe
jackson-dataformat-xml,199,0,0,0,,4f5fb6b98cdcc20a787fd8367e491f8aa68b53ee
jackson-dataformat-xml,198,1,0,0,['XsiNil354Test.testDoesNotAffectHierarchy'],521b8df14316580d56a422a037a67eadf886a76f
jackson-dataformat-xml,213,0,0,0,,526dbbb085a1c10e2cb2e8b65d64a1e3410aa81d
jackson-dataformat-xml,178,0,0,0,,52a5231bf1201fac2f9d01730f05b5489e35b41f
jackson-dataformat-xml,143,0,0,0,,52acff2f223ef2a5c27e867fac2fd9a044b3a2ce
jackson-dataformat-xml,183,0,0,0,,5432b7a9269d602de9f0b498394e7c8bd08a4fd9
jackson-dataformat-xml,197,0,0,0,,5436c9bb597d77a23875bc97257c69a91f8bc54c
jackson-dataformat-xml,201,0,0,0,,54ac0ab3c2eb6eee298a28430a8b4cc1a5643646
jackson-dataformat-xml,142,0,0,0,,54f1d76fb33fdd30d1b3d27e057cc280723204ea
jackson-dataformat-xml,183,0,0,0,,554ae553c79b439a9ebb1c5b608aa47e9faec91f
jackson-dataformat-xml,132,0,0,0,,55586db4143db15023f83c78814889efec10d972
jackson-dataformat-xml,207,0,0,0,,55fd5f32c31b9180ca9b25a501558b09fba66978
jackson-dataformat-xml,190,0,0,0,,562c8cdd45e6dd00609d7d4afd13ffb4f2d4052c
jackson-dataformat-xml,213,0,0,0,,5637ec7bc20d7918447f55c79628dd89bfd4d451
jackson-dataformat-xml,201,0,0,0,,57dc26fcd91edd7d806c1ee89bc320d6f7e2265b
jackson-dataformat-xml,157,0,0,0,,57e37475b41031863f530545c113b9d2b7fb4bd2
jackson-dataformat-xml,132,0,0,0,,586471a792aa1552da95fa670e4396df900deb2c
jackson-dataformat-xml,178,0,0,0,,5877fb0c0bc9fd2fda5413250d81ac73787ce82c
jackson-dataformat-xml,137,0,0,0,,5a836f41f97ce218d594e0594edd6b980f48450a
jackson-dataformat-xml,190,0,0,0,,5cea699fcc662c9910a72103154810f77270c3a2
jackson-dataformat-xml,140,0,0,0,,5d2c79b2f7d986d33d5efac48948f05cdacc97be
jackson-dataformat-xml,201,0,0,0,,5d525a154092922b1b16abd0b8ac01299aae29b9
jackson-dataformat-xml,197,0,0,0,,5db5ec2c15adf7a8d0dba12a9b54ab627d616683
jackson-dataformat-xml,154,0,0,0,,5dee19ee645f2f4996acfa1f8fa79c3ab6875f84
jackson-dataformat-xml,201,0,0,0,,5e14644fe31d1f8815c64fd956cd588e5d7b91fc
jackson-dataformat-xml,213,0,0,0,,5ef370a118edf6da3f4ffdf718e78cf8bf781de6
jackson-dataformat-xml,213,0,0,0,,5f68d81ee60424fbf4925dd9c95a583fe7b90632
jackson-dataformat-xml,201,0,0,0,,60443a75534163f3d19cd35a346601358cef585e
jackson-dataformat-xml,150,0,0,0,,60e07aa1f275ba8976cfd2ed43038bcb7205c953
jackson-dataformat-xml,137,0,0,0,,61216ba98b63b563c3d017ad9afbd981df391b77
jackson-dataformat-xml,196,0,0,0,,617201ccbb28c77a90a3e1f47b7ab71819879fb5
jackson-dataformat-xml,201,0,0,0,,61784088c0a8045386891fabf65b73fb5a028275
jackson-dataformat-xml,150,0,0,0,,63c121e7bf503a353f714e6cc70c6365a61ec3db
jackson-dataformat-xml,196,0,0,0,,63d7c3e394209bdded0d162014c00a4be5ebfafe
jackson-dataformat-xml,201,0,0,0,,6408a6800ef0cdaeb33d55afd903bf26edff8a95
jackson-dataformat-xml,132,0,0,0,,64796277fea3592abf1e5224410d3dee59261eba
jackson-dataformat-xml,192,0,0,0,,648d5f9c78858d389e10a2a2d930b578e9042d29
jackson-dataformat-xml,178,0,0,0,,654bf663b3b5873366bbec74e8b4594e73545ff0
jackson-dataformat-xml,157,0,0,0,,6554588bb7295fbd2d0c580efd8b9cbc0b501418
jackson-dataformat-xml,158,0,0,0,,656e965a10aaab948b0c2a21a0d9fa177411299f
jackson-dataformat-xml,143,0,0,0,,6586006d31a2e452e8d0ac81cca25cab36056913
jackson-dataformat-xml,213,0,0,0,,65a268e522abc97a9b621756cf07bf4406dd4c3b
jackson-dataformat-xml,132,0,0,0,,672432e1dfab085f4c31ae551f2a82371276d002
jackson-dataformat-xml,192,0,0,0,,6ab836ea6c231d8d7dda9f044e63e225305cab14
jackson-dataformat-xml,201,0,0,0,,6ad860cf4b3f9ba43e7a74a701c48881f305f253
jackson-dataformat-xml,141,0,0,0,,6b017bf29037948e396b76284fdb9a248752a847
jackson-dataformat-xml,212,0,0,0,,6c46d9b992acb4071e479cc450b3b3ee9e9ce5ab
jackson-dataformat-xml,134,0,0,0,,6ddfe411388616c00b86e53d547d9c9f3d4c3479
jackson-dataformat-xml,132,0,0,0,,6e82884f4f4da0cba11035603b98ee8e6424ebf4
jackson-dataformat-xml,143,0,0,0,,6ed0d6dc31635a58d663cfd622167b9f10766b4c
jackson-dataformat-xml,141,0,0,0,,70378e97b6afd668345026364230f98e7f0ebd38
jackson-dataformat-xml,190,0,0,0,,70add5b8fc685fd8d37e470bf9f1e10ff9d0a794
jackson-dataformat-xml,132,0,0,0,,70be8601be0b1fac1d8d7d86109e1856aa9df5a9
jackson-dataformat-xml,128,0,0,0,,70f1a636f7b2fef217a297af5cd3a35717281b6a
jackson-dataformat-xml,143,0,0,0,,711cbf7dba040a6e690eb9ef156b1dc4cce87ae8
jackson-dataformat-xml,132,0,0,0,,7132a799d9fbba9d7a61f38e21a74616cc95f6b2
jackson-dataformat-xml,132,0,0,0,,72dc459fea8acf451259797446bdaaabdfcac1be
jackson-dataformat-xml,133,0,0,0,,730bdade49d7d77cae7de5187ec8ab9088239159
jackson-dataformat-xml,131,0,0,0,,74effc8a2fb89c690460edeed115a60182625814
jackson-dataformat-xml,149,0,0,0,,756e4f7a5cbbc24d4800907f6dcfc4806df3ace2
jackson-dataformat-xml,143,0,0,0,,75c803722a92fcbf8918138a9f04451bcf43a3c7
jackson-dataformat-xml,185,0,0,0,,75e96084c60e4d41c934a2908253a43db52f72e0
jackson-dataformat-xml,132,0,0,0,,764f38b9fa15913c3b683327ebfd79a2a6b32604
jackson-dataformat-xml,134,0,0,0,,76a9637043af607643a256e8b990125cafb1c768
jackson-dataformat-xml,143,0,0,0,,76aaf6f6be7cc400971b001467f131beb97fc800
jackson-dataformat-xml,139,0,0,0,,7749b6f60605d115375eb3461f0fa5be4d8d7334
jackson-dataformat-xml,185,0,0,0,,7750c17a1100a680f024cf154fca24ab95c437ec
jackson-dataformat-xml,158,0,0,0,,77769995f7b298df1fcdb86a0e576187ebc4151f
jackson-dataformat-xml,142,0,0,0,,77a71f2019d46e764e2e7748e86248dff55a9d9c
jackson-dataformat-xml,157,0,0,0,,78537d60eead78ee89c936601850d42ca3360da8
jackson-dataformat-xml,201,0,0,0,,78c284b4886650a6bf660c3ae5778dc8aeb98f90
jackson-dataformat-xml,132,0,0,0,,78e0e742b5c0862a88fadd80be5135d3edddcaa0
jackson-dataformat-xml,140,0,0,0,,79a4b57f2bbe08ce46e6dabb0a8b76f4a787141c
jackson-dataformat-xml,212,0,0,0,,7a06666977f99a6f5bd6820e7890d7b2cd8ad635
jackson-dataformat-xml,158,0,4,0,"['SimpleStringValuesTest.testStringArrayWithAttribute', 'SimpleStringValuesTest.testEmptyElementToString', 'SimpleStringValuesTest.testStringWithAttribute', 'SimpleStringValuesTest.testStringsWithAttribute']",7ac573b077529036c7d396ff776a571f3ed1a2a3
jackson-dataformat-xml,196,0,0,0,,7c100891082fa3ee9db8b66b4c277c25f55edfdd
jackson-dataformat-xml,132,0,0,0,,7c7e8c9b18ee0ed8bc2a0275079c883f2d7d3410
jackson-dataformat-xml,143,0,0,0,,7d2255fa1f8706cede211c00622cd8be1a18b764
jackson-dataformat-xml,132,0,0,0,,7d24a77965460f8a6a3f61b3c9b49843e0e1def9
jackson-dataformat-xml,197,0,0,0,,7d7a3b0aba255389d199980dfe80b49927838057
jackson-dataformat-xml,196,0,0,0,,7d9ff0ccf568b5f75327aa0479903ab7db2a1245
jackson-dataformat-xml,149,0,0,0,,7df1d649cbcc2a6c7650c7f301c54fb138f66883
jackson-dataformat-xml,143,0,0,0,,7ebf8cdc26db1630e65f36895a93105850607853
jackson-dataformat-xml,142,0,0,0,,7ec72fcd448887cf8b6205fad4f5fd1e84fa07aa
jackson-dataformat-xml,264,0,0,0,,7fdb1a43c78c54baa12271c98ff0d98e44d9c969
jackson-dataformat-xml,178,0,0,0,,800972950c358ef2f1e7d6fc80682ec322234a46
jackson-dataformat-xml,178,0,0,0,,801b4690889a0baf1dd34e05da215a829a3b9b92
jackson-dataformat-xml,201,0,0,0,,80dfd57d6a0d132efb4d05dc6baba24d40d3a9dd
jackson-dataformat-xml,183,0,0,0,,81bcf121b935d58e947c5e75f78d2d254cce3482
jackson-dataformat-xml,134,0,0,0,,8219b019f92fb853e21a1d6ed586b57097492307
jackson-dataformat-xml,196,0,0,0,,83c5c723a080f5a11b2ab752fe6e7955374a9abd
jackson-dataformat-xml,133,0,0,0,,84ec2569d898fe60b7c99607117de3289231ce5f
jackson-dataformat-xml,197,0,0,0,,85823f4f6bfce5f9d8ab3632f1fe1e3b02e6c2fe
jackson-dataformat-xml,197,0,0,0,,85a7f1025bc3208291bdb4dafd864a838006c14c
jackson-dataformat-xml,132,0,0,0,,868a359d5ad568b163ce95a2bee998c496c74150
jackson-dataformat-xml,140,0,0,0,,873cc16fd46886dd8fe79e9ca6205406f6f94d22
jackson-dataformat-xml,140,0,0,0,,87ce6e29f83d39d3a44e0d543663fac48cd97d68
jackson-dataformat-xml,183,0,0,0,,882b42c36945dcb53d184ac6a38b12a39f8dc6df
jackson-dataformat-xml,128,0,0,0,,8894574acf500e9d95665de76632b664e4cd8a30
jackson-dataformat-xml,205,0,0,0,,88d53ec464e0bc71b60024b5ccf2ef1ef09fe7fa
jackson-dataformat-xml,136,0,0,0,,89065364ba7b0371203bf96d1e16404b3b0c533f
jackson-dataformat-xml,168,0,0,0,,8aa276ba6b2092a562195f9a94eb562686a3352c
jackson-dataformat-xml,132,0,0,0,,8ae3e6f44b8600c3d884753c30bc55fcdb6271d4
jackson-dataformat-xml,132,0,0,0,,8b16fc084216864c8b9ebeeaef2174df7d3f4222
jackson-dataformat-xml,201,0,0,0,,8b884bb5cd913a5578c349f79c0a4ebe4e3c56d5
jackson-dataformat-xml,132,0,0,0,,8bb0ad312987a2bf839d3fa1dcab3e3fcf4bdbbc
jackson-dataformat-xml,197,0,0,0,,8d18b782d9e99d35b3260b51a5de8012c8bfd4e1
jackson-dataformat-xml,157,0,0,0,,8de0cad692eaf99aa28ff19a276c5021cc696b42
jackson-dataformat-xml,132,0,0,0,,8fbd2da9b2be6a1d76bc6e0d6d5a85841ddd978e
jackson-dataformat-xml,183,0,0,0,,8fd9463dad8d2232c1e947403ead465d6a3e5f73
jackson-dataformat-xml,131,0,0,0,,90da6860daec7f5fe064fd78a3ee3b58996ed79f
jackson-dataformat-xml,263,0,0,0,,90ec18fbae62bdc1bd8d712591b51270419176bf
jackson-dataformat-xml,133,0,0,0,,91067db79930b61aa63ea4fb3aca143c276eec69
jackson-dataformat-xml,137,0,0,0,,91a72d253ad0c84b40937b264131b6c877e5fd0b
jackson-dataformat-xml,137,0,0,0,,91fa811f9f52928554fff5c843f7da0a09bb0c22
jackson-dataformat-xml,140,0,0,0,,935088bab2d32954e7bc68769976d3b69531f706
jackson-dataformat-xml,139,0,0,0,,9382b8113f1f1d5f85309f2859ae5f0ced0ae240
jackson-dataformat-xml,143,0,0,0,,93e5e247a485bb56483647934a9bf89c11ef2c46
jackson-dataformat-xml,185,0,0,0,,944835d6bbeb8a0e1651c6db84dfdd594e019e8a
jackson-dataformat-xml,185,0,0,0,,95ce0c981ddfdf5a611bd5f2f0de6245a3cfb020
jackson-dataformat-xml,154,0,0,0,,95e4b9a6fca43bab2db28323e6509bb670075ee1
jackson-dataformat-xml,143,0,0,0,,96004cd4fbffec5493d9017dc6cd60fa3bbb2caa
jackson-dataformat-xml,213,0,0,0,,960ef7d8ceca0600085a9763635a70c7b587c087
jackson-dataformat-xml,137,0,0,0,,96da0d3246f1435199470d261a74596012e40d9f
jackson-dataformat-xml,150,0,0,0,,96f60502dddaceb872f625e52d158dee422a9f0b
jackson-dataformat-xml,199,0,0,0,,97141026522bef2de07d1c9cc083e215b4750c00
jackson-dataformat-xml,213,0,0,0,,975742d5047921c398f1183ada3bc6b5afa49a52
jackson-dataformat-xml,183,0,0,0,,977d5e30af489962b8cc540c82c9f334c6f878b4
jackson-dataformat-xml,128,0,0,0,,97956deec331a7c714bc2fcc744c327c98956cd9
jackson-dataformat-xml,201,0,0,0,,97c9e58c700625dbde450d9ab1d202415038d634
jackson-dataformat-xml,150,0,0,0,,97f8b93a16af74089c79f20baa84d9d358d64149
jackson-dataformat-xml,128,0,0,0,,989f57a833a4177df6c8d852e806d41ffa8c79a2
jackson-dataformat-xml,141,0,0,0,,98a9ff25a121e0129ac8b068b7b8ac97b8b35495
jackson-dataformat-xml,166,0,0,0,,9951c4362aefa7a86c29a81d6da3932ac797f03b
jackson-dataformat-xml,132,0,0,0,,99a34748a91fc19d5f1f24999fef93269ec525c7
jackson-dataformat-xml,132,0,0,0,,99abd4b9445137d7fb73e551138c8926226fc91e
jackson-dataformat-xml,197,0,0,0,,99c4423ef3b342665012f6681593877ef2e9ecce
jackson-dataformat-xml,201,0,0,0,,99ea14cdd7172a615721db5ede09dd1a2fca2653
jackson-dataformat-xml,137,0,0,0,,9a39d6655bdc7fac4c6e6a5a4f9b5d743b0f3696
jackson-dataformat-xml,190,0,0,0,,9a41244a698e1a4cb16b5682c513598cd3ee4807
jackson-dataformat-xml,143,0,0,0,,9a9d8ded05eaa506f0a4a1938ab7706f9d6e773e
jackson-dataformat-xml,190,0,0,0,,9afb504685493f3e2b2df5c664db0c0c4929f4a0
jackson-dataformat-xml,183,0,0,0,,9c3709a998729ae8cb006656a2eca168240aa1a5
jackson-dataformat-xml,143,0,0,0,,9c72241342561197a0a02c3cadfe97b144b6b395
jackson-dataformat-xml,136,0,0,0,,9e7ffcee30c0bab62bd12f4eade473315793e8d6
jackson-dataformat-xml,134,0,0,0,,a00a495d6cea28271ff203eecb119dd8344ad44c
jackson-dataformat-xml,143,0,0,0,,a08824786215444440239ae1b13ab7555215f720
jackson-dataformat-xml,157,0,0,0,,a096ae26a994af8d19f99a1ec0a15e2591702675
jackson-dataformat-xml,132,0,0,0,,a17f605ed137b64aae15c2875bc9ffe35f8e4c8f
jackson-dataformat-xml,150,0,0,0,,a1aa31be359af33937016de89b825a2205ffc00e
jackson-dataformat-xml,132,0,0,0,,a1ab2025dacb0aa11692ef8db772356585ba696c
jackson-dataformat-xml,137,0,0,0,,a1b7368eeee7919651b716874b5291dbe28a8872
jackson-dataformat-xml,197,0,0,0,,a3a5fec905221d4bc1ffae3d76105f939e61ce05
jackson-dataformat-xml,132,0,0,0,,a4917220adf823be0c18e402325f6a387e009723
jackson-dataformat-xml,183,0,0,0,,a500070dcbf0f348ac02cbc2e46b64b877c3f0e2
jackson-dataformat-xml,131,0,0,0,,a5d8f3f4f02ff202cd29535caf3e2312079d8810
jackson-dataformat-xml,191,0,0,0,,a5f2edae2f8fac75e8defc2edd21726e34011622
jackson-dataformat-xml,158,0,0,0,,a6403633eb9c013b766765f6fc135027234d6a95
jackson-dataformat-xml,141,0,0,0,,a78aec20fa08d6e79d0b3b651ec50ec1595967ed
jackson-dataformat-xml,140,0,0,0,,a96d27d4c74707965b257b6ecced4d337357545e
jackson-dataformat-xml,213,0,0,0,,a9cabe686672a71969b18cea8a79dde9e6878fd4
jackson-dataformat-xml,208,0,0,0,,ab310ebb766ff4fcc4d5ec88aaf5f6755ee6089a
jackson-dataformat-xml,206,0,0,0,,aba1a0c2c7aab076faf8417ca1fa6f558e3d9923
jackson-dataformat-xml,141,0,0,0,,abd4666e7534698ced93f5484683b6dcdceb08ff
jackson-dataformat-xml,183,0,0,0,,abd7a231d70116378cfb300bd55e47fe3337090a
jackson-dataformat-xml,190,0,0,0,,abebd890f2a5506a8b87b3386837f75d2e2618f9
jackson-dataformat-xml,159,0,0,0,,ac10d47821875105b7225d726b787d69d4ae4503
jackson-dataformat-xml,183,0,0,0,,acbd9f17959913b3ce05358912fe875106d0eee5
jackson-dataformat-xml,136,0,0,0,,ad178abf96dc0922fc7d645595f0d66e27fa5482
jackson-dataformat-xml,141,0,0,0,,ad5148b1216f8466b3e2f38baa8b07a5a801afa7
jackson-dataformat-xml,197,0,0,0,,ad85f0bc5add3241910b3782fe7e6ff67e983865
jackson-dataformat-xml,201,0,0,0,,ae96270555cffd9d78d00f4bf5a2514a24889c6a
jackson-dataformat-xml,143,0,0,0,,aedac20ae44a0752066fad5159ff9f6e80baca85
jackson-dataformat-xml,197,0,0,0,,af5a9fb4a95a052bd79405c747a700dcb7610ab0
jackson-dataformat-xml,190,0,0,0,,af615b6062a81440265158d994bb479244c200e2
jackson-dataformat-xml,134,0,0,0,,afb78fdec7edcbf72411b543f9bf7e229c9acb75
jackson-dataformat-xml,178,0,0,0,,afe4f66e51b835a8bc5e3c54a892bca064cdeb06
jackson-dataformat-xml,196,0,0,0,,b0998564b6b390f0083bf6cc41aec9c92236739b
jackson-dataformat-xml,143,0,0,0,,b10bb6b5d2ff307bc6b233bc0d83e18ad7091c1c
jackson-dataformat-xml,141,0,0,0,,b13cc6dfbef1bd6b203660db08dae5db4156ac88
jackson-dataformat-xml,213,0,0,0,,b17e4a8ed74fee08be8a2132f820cb1e6635d5c3
jackson-dataformat-xml,197,0,0,0,,b1bfe1fd5ebbbffc2686b1eef894b4153dd751f5
jackson-dataformat-xml,178,0,0,0,,b1da73d1d2c177714e71ea2353857f5f684798ba
jackson-dataformat-xml,197,0,0,0,,b1e8b477a0955162b084f80c3830156589c9215d
jackson-dataformat-xml,150,0,0,0,,b2e92327571e7b2e83be4b1cca89db89dc495160
jackson-dataformat-xml,204,0,0,0,,b3926a23ef466aecaa62849f7b4a0a753fc9fdb4
jackson-dataformat-xml,136,0,0,0,,b39bb1d120ac7ff3d182a46ac10975f083bdc5ba
jackson-dataformat-xml,213,0,0,0,,b3ed14f1b865b5bffaa107536f73d729f1ef0adf
jackson-dataformat-xml,196,0,0,0,,b40a078f4bfcb9d1db71db57dbe04fc83272f774
jackson-dataformat-xml,159,0,0,0,,b54627d73360280b7c53513bb4c0fe1f5426a089
jackson-dataformat-xml,196,0,0,0,,b5ae1e8068ca0e305ba057e5338b9e9c0e583dab
jackson-dataformat-xml,196,0,0,0,,b5c8a29a8e7d6e212700c1e435ac601fd3e918a8
jackson-dataformat-xml,158,0,0,0,,b7e0ed9125c16c2035feac70833b09dd1c5322f4
jackson-dataformat-xml,209,0,0,0,,b875715aaeae8582d5f72f29add9ed09a7b2a145
jackson-dataformat-xml,133,0,0,0,,b8790f7c7e2d687f6e975ee952225af93c8d6fee
jackson-dataformat-xml,158,0,0,0,,b8b8131263dd3616cbc25b48114b210620519256
jackson-dataformat-xml,197,0,0,0,,b8d61038d2fd7ae5a76d02985f08dc21fc02e258
jackson-dataformat-xml,132,0,0,0,,b94529a47f1eaab49512a01ca01834f17a138186
jackson-dataformat-xml,183,0,0,0,,b97ffede66f473575f1691d05b49e200622ff60f
jackson-dataformat-xml,132,0,0,0,,ba2efdf9349ffa7fe46ac41930c4e8a673f31c1b
jackson-dataformat-xml,263,0,0,0,,ba345120e9599c004e505b36b42354e58498591b
jackson-dataformat-xml,201,0,0,0,,ba745babc71d165fcc03c24667b1d11871c9509b
jackson-dataformat-xml,143,0,0,0,,ba949e76e2b29da7d1d87d53f68ea970ab57a534
jackson-dataformat-xml,201,0,0,0,,bb793ed35e5dfb12ab840a01d6f92c23dcbda5ed
jackson-dataformat-xml,201,0,0,0,,be1723b34993e0f0594aa8f6c64e702c90221055
jackson-dataformat-xml,213,0,0,0,,bf92b67529d61aae046d7b2da4e59df45390c260
jackson-dataformat-xml,190,0,0,0,,bf995c41053f62dfbdb8b5ae99ab628faad68b49
jackson-dataformat-xml,142,0,0,0,,c0114276d42f36aea982fd9cd01ca2f978f98903
jackson-dataformat-xml,143,0,0,0,,c0a810ecc99da4a70bef86a773d299fbc4f47f09
jackson-dataformat-xml,211,0,0,0,,c106194a9d3879a2b048e1f0406b49ca88457adb
jackson-dataformat-xml,150,0,0,0,,c11cb6ad622d2c259661e83fb31aa54aa98e356f
jackson-dataformat-xml,263,0,0,0,,c143fbfa5e0686ab6ecaa8891ec7d1b9f04b347d
jackson-dataformat-xml,139,0,0,0,,c14d88617e3f9a499e383f62ca91a9144b9baee9
jackson-dataformat-xml,137,0,0,0,,c2ccf8d4eb1c9ae3372dd0e689c4fe34a8c65a00
jackson-dataformat-xml,200,0,0,0,,c2fe22fbe121ff00cced5b5203e5d10594def7cb
jackson-dataformat-xml,139,0,0,0,,c31f332e7b5de568fa69d7e3adbd1139f795400a
jackson-dataformat-xml,159,0,0,0,,c3525dd9b18bdaf0b88d6dcac10a708561e758aa
jackson-dataformat-xml,132,0,0,0,,c3a3d7836fc5507399acb1d959f10d4658858f6b
jackson-dataformat-xml,143,0,0,0,,c446ed7882b3cb7a965ffafe35074fb91bbc00ee
jackson-dataformat-xml,201,0,0,0,,c6e7a9bddfcf918e4e30b10e89b5a2f4d567ac21
jackson-dataformat-xml,192,0,0,0,,c7a2478d0cccaf60cce42b3e063e97583b386b5d
jackson-dataformat-xml,183,0,0,0,,c7dc0ec6d2aafeeb12bc3166b89d295a8de7b9c2
jackson-dataformat-xml,192,0,0,0,,c801a96dc7ab08676bd3c60bc70a020f28ef9a0e
jackson-dataformat-xml,139,0,0,0,,ca1c671c419e88a18357d497ec3671c73c37452e
jackson-dataformat-xml,203,0,0,0,,cb182eb44a5163bb45b07f6cc4898b87db81c855
jackson-dataformat-xml,157,0,0,0,,cb9f46b7dbb13e87ace9df6257c9faa2a4d0e102
jackson-dataformat-xml,205,0,0,0,,cbabadeb3d46e02e867a16f7921596f90689e8c1
jackson-dataformat-xml,201,0,0,0,,cc3f54d9704faea24d367d9e9edb8f389aca2d43
jackson-dataformat-xml,196,0,0,0,,cc495ab190c4b052a6aa21350de0e8bff582b082
jackson-dataformat-xml,133,0,0,0,,cd3129c9df30580b63a945b42c6092a913d40f00
jackson-dataformat-xml,158,0,0,0,,ce20b7fee9668166a1d222ef4d1d70c18b6e8e90
jackson-dataformat-xml,167,0,0,0,,ce61138456e10580c6bf78bc4009de926105c4d6
jackson-dataformat-xml,197,0,0,0,,cf72bdd273c0bf09d2ab4c09d405b6f952edc992
jackson-dataformat-xml,137,0,0,0,,cfd947030f32a3f469d7b412d1679aa4bdbdaf36
jackson-dataformat-xml,157,0,0,0,,d01a1c9429de10e7a487a75d7643c6b9e9d5d469
jackson-dataformat-xml,201,0,0,0,,d07230f939489770c76cf5978b8bededf3ade79c
jackson-dataformat-xml,191,0,0,0,,d0b00828d9c4ece6662df3483fcb6bc9a3c667f1
jackson-dataformat-xml,132,0,0,0,,d11c564e000007b516b4a7d2e340906a1cfad8d4
jackson-dataformat-xml,150,0,0,0,,d197744b28d9893931e94151de887952380272d8
jackson-dataformat-xml,137,0,0,0,,d26111f497c34389ecbc729f0aba6a7bba1d8949
jackson-dataformat-xml,140,0,0,0,,d2db7da53eaabf2593d25ca9493a26b7261aeb71
jackson-dataformat-xml,157,0,0,0,,d2f70a03065d4fc7d040064abbbec4f66304c07e
jackson-dataformat-xml,133,0,0,0,,d3189c9f3778204ac16690ef1c384e74e97cbc92
jackson-dataformat-xml,143,0,0,0,,d33463f38afb9d7b3a37aa170ebe72bdfbee49d1
jackson-dataformat-xml,190,0,0,0,,d43882cde3bc3cb309eaa03db0c05668038592f9
jackson-dataformat-xml,166,0,0,0,,d54cb95f1bc2bbef12a33e7ae9dac139af143352
jackson-dataformat-xml,141,0,0,0,,d686fe6ef220215615ca96a34b0f89e095174da4
jackson-dataformat-xml,213,0,0,0,,d7317ba56d29f4101e050df8ea361a00177c0975
jackson-dataformat-xml,132,0,0,0,,d73ae05fce8fc7cdd54ce1d09b7f99ed87c34bef
jackson-dataformat-xml,204,0,0,0,,d895334d5f4bb3bea433bf7cb0ca3ca95fc54293
jackson-dataformat-xml,133,0,0,0,,d94fc1dd5e6fcba23b2279ffdbddaa2bceae63e1
jackson-dataformat-xml,137,0,0,0,,da35dd9bcc74c20cd7831db8ccf370202f083ef1
jackson-dataformat-xml,134,0,0,0,,da624e359096fef975eaaaa9d148c4a785098424
jackson-dataformat-xml,140,0,0,0,,dadd11e57f6098d2c3cd5588a08c63ffa8390c4b
jackson-dataformat-xml,205,0,0,0,,daf4dc65b78a7e6f7edaabe6dbc0d22c1b992bff
jackson-dataformat-xml,128,0,0,0,,db204d977749d6f0aae874e141bd7767738f0974
jackson-dataformat-xml,191,0,0,0,,db5365a26182cf9c403375f4302885fce7af3b4a
jackson-dataformat-xml,131,0,0,0,,dbfb02d136ced200842a17e9fc9f4fb5a14acc87
jackson-dataformat-xml,134,0,0,0,,dc2d6b0de06fe78d614dc151afe70272dac51c57
jackson-dataformat-xml,143,0,0,0,,dc3ade01ae739b48249dd11170dec49e6f4d8223
jackson-dataformat-xml,132,0,0,0,,dcb3d3969b826bf4deffdbe3d4683a82ebc8ad4a
jackson-dataformat-xml,201,0,0,0,,dcb7451edd651cd69631f9dd2bb970cd8f8d277f
jackson-dataformat-xml,132,0,0,0,,de4487dba9804aeb66a6715abd452521c621f91d
jackson-dataformat-xml,141,0,0,0,,df36eb78af94f447efaa598dda8acd22de472367
jackson-dataformat-xml,201,0,0,0,,df37bb9d3cfacf9b7a0aebe3c2d0c343ec995041
jackson-dataformat-xml,131,0,0,0,,df57e5c6a27e4b4d91646894d71724e6765f1211
jackson-dataformat-xml,132,0,0,0,,df86778b1581266e5631ac9a11da7940c4b0060d
jackson-dataformat-xml,139,0,0,0,,e08180bf56312082ef8c4ca6c8e9729145e50bff
jackson-dataformat-xml,196,0,0,0,,e1e841440c2abd1fb7098edec9ab59b4ec4d5c11
jackson-dataformat-xml,183,0,0,0,,e2ae9574d428c2051f43ce5d7ae7244f484f7f62
jackson-dataformat-xml,142,0,0,0,,e2c043d220496a5f8744b7d0d08fee2c0b740e30
jackson-dataformat-xml,154,0,0,0,,e34ca59c497c64abe9f1a8caff81880b936389fa
jackson-dataformat-xml,132,0,0,0,,e350ba82423b09a0d5dc6e7eb48509549e8923e9
jackson-dataformat-xml,201,0,0,0,,e3a520ec13766b1e56a3bfbae4b5b2ce0cc8151e
jackson-dataformat-xml,177,0,0,0,,e3e7bee54d71cb49ab172d88282d6a2585cd27da
jackson-dataformat-xml,139,0,0,0,,e4aa335c730ded7ede47d047717424b340c98970
jackson-dataformat-xml,143,0,0,0,,e4d2b4493b4ab29364bbf725102c5bd0a0081460
jackson-dataformat-xml,157,0,0,0,,e60fec7ef10b521f3ccddd715fb252a25dd58ea0
jackson-dataformat-xml,143,0,0,0,,e6ada96cef3f0c516eb08dac9a176c7e2bf7a596
jackson-dataformat-xml,143,0,0,0,,e6b9cc9ac31011ae9e7150657a5b213385b2974b
jackson-dataformat-xml,158,0,0,0,,e6f8923b2bab8962f3ec96d398f2ab7ba1f372ea
jackson-dataformat-xml,213,0,0,0,,e7b637db078bd5336835f74f67c13a0946ca72fc
jackson-dataformat-xml,139,0,0,0,,e7ce573dfca6f46c0a2a64cde09a4804ee7f24bc
jackson-dataformat-xml,166,0,0,0,,e8d525688064859bebcc88206b69eea96dc8784b
jackson-dataformat-xml,211,0,0,0,,e909c684f89bcd34f4734e2c419c52362ce6b432
jackson-dataformat-xml,157,0,0,0,,e9a17276035ef17e5be4fe84bd7776d0c25c08fe
jackson-dataformat-xml,263,0,0,0,,e9a20791d904f3ba3d0e5c379a25c87791c07b02
jackson-dataformat-xml,197,0,0,0,,ea186a0c92b2d60f1d68e225e73ed750ac241707
jackson-dataformat-xml,167,0,0,0,,ea3b7bc1d8d255bd87025aee0da549bc7572f8b7
jackson-dataformat-xml,201,0,0,0,,eb16c5e38d5794735171763a7078c1c2853b45d0
jackson-dataformat-xml,132,0,0,0,,eb9ac89e35d7ca73fc054b03c29d7bcc4be7ffce
jackson-dataformat-xml,185,0,0,0,,ec54713dc30e2ba9f23128e162d39b6bdcff5563
jackson-dataformat-xml,143,0,0,0,,ece5e1f7c7de6b9718fcde3d57e9091114940a2c
jackson-dataformat-xml,132,0,0,0,,edb69248892a18fdad3657220a832c9364a18e83
jackson-dataformat-xml,155,0,0,0,,ee0645d6ec02012f76589ea7d71dd17a0f72fbfa
jackson-dataformat-xml,132,0,0,0,,eedb6de7442b703c0f0bd9871e87bf1388bcc4f5
jackson-dataformat-xml,140,0,0,0,,eeff2c312e9d4caa8c9f27b8f740c7529d00524a
jackson-dataformat-xml,201,0,0,0,,efa8e3a7e1d7c85f0792c005e3250d61f0c16601
jackson-dataformat-xml,263,0,0,0,,eff3fe74af0c7e2e8c6e51ce2f3eff92eebfbd4a
jackson-dataformat-xml,132,1,9,0,"['TestIndentation.testSimpleMap', 'TextValueTest.testSerializeAsText', 'ListDeserializationTest.testWrappedList', 'ListDeserializationTest.testWrappedListWithGetters', 'RootListHandlingTest.testArraySerialization', 'RootListHandlingTest.testListSerialization', 'TestIndentation.testSimpleStringBean', 'TestIndentation.testEmptyElem', 'TestIndentation.testWithAttr', 'TestIndentation.testSimpleIntBean']",f010b80a8ff3e0330db374be9bbc9dc2b397d974
jackson-dataformat-xml,137,0,0,0,,f0f19a4c924d9db9a1e2830434061c8640092cc0
jackson-dataformat-xml,205,0,0,0,,f185392490e60b6e93c496b720af25e02ecab121
jackson-dataformat-xml,158,0,4,0,"['SimpleStringValuesTest.testStringArrayWithAttribute', 'SimpleStringValuesTest.testEmptyElementToString', 'SimpleStringValuesTest.testStringWithAttribute', 'SimpleStringValuesTest.testStringsWithAttribute']",f1c30c5738e5a6f258ce3ef5cdc9d5553c78de83
jackson-dataformat-xml,137,0,0,0,,f1c514515a1778a1953ab3c3c40a6928a4cabdf2
jackson-dataformat-xml,178,0,0,0,,f29c468b81fd26b4e12e3798d3cdabfc7618302e
jackson-dataformat-xml,140,0,0,0,,f34ec6c783930397b69dbbdb48f77fd771f18ef4
jackson-dataformat-xml,201,0,0,0,,f3e89905459c9d3848e94a33c6803b5688e86f43
jackson-dataformat-xml,201,0,0,0,,f45aefcb154bc54a5f762f52a2725517629ee94f
jackson-dataformat-xml,137,0,0,0,,f5492314b21377d67f96829fecd3d30f40dcef59
jackson-dataformat-xml,154,0,0,0,,f561a4a17bc073dffbb0d4505106d91491b59fb6
jackson-dataformat-xml,167,0,0,0,,f5b9381321317405d3c33bfc5f572c6bf07476ea
jackson-dataformat-xml,132,0,0,0,,f65929f70a4315d5493a9a5c1c4c5e337ca4628b
jackson-dataformat-xml,137,0,0,0,,f6c69af07653dde450f4b602d629fb538e13e839
jackson-dataformat-xml,190,0,0,0,,f7d0d3e14a0043eadc89f1842d47f19a96b5f8df
jackson-dataformat-xml,190,0,0,0,,f80737c6c837661737e779a976eaa4b7e8e40f4d
jackson-dataformat-xml,201,0,0,0,,f886eda4b49bab9147e4ec94c71ed0496c535622
jackson-dataformat-xml,192,0,0,0,,f8db60e5379dffe7655fed902fd71634a01f6a3b
jackson-dataformat-xml,158,0,0,0,,f9bdc65ab132d54f513169e1da06aa6124228744
jackson-dataformat-xml,203,0,0,0,,fab0b8b419cc83973ab5945ff5778576b5e8ad5e
jackson-dataformat-xml,150,0,0,0,,fb1c246de791324c664bf166afcbd788459420ab
jackson-dataformat-xml,142,0,0,0,,fc385bcdf62f4f3d6cd64470fad796be36bcd449
jackson-dataformat-xml,263,0,0,0,,fd38c0551207892e0e35889d6ebd4192563a0e1b
jackson-dataformat-xml,208,0,0,0,,fd3926bcdd12d9ea2c4a1e1869cb858bdf147cd6
jackson-dataformat-xml,139,0,0,0,,fd645136a3a04e4fa7433c3cfae1fc1b87e07b69
jackson-dataformat-xml,132,0,0,0,,ffc9ac1138b763bb3f05b289128ed70893d4574c
